/*
 Navicat Premium Data Transfer

 Source Server         : test
 Source Server Type    : MySQL
 Source Server Version : 50711
 Source Host           : localhost:3306
 Source Schema         : courtdb

 Target Server Type    : MySQL
 Target Server Version : 50711
 File Encoding         : 65001

 Date: 14/02/2021 23:52:43
*/

SET NAMES utf8mb4;
SET FOREIGN_KEY_CHECKS = 0;

-- ----------------------------
-- Table structure for court
-- ----------------------------
DROP TABLE IF EXISTS `court`;
CREATE TABLE `court`  (
  `id` varchar(255) CHARACTER SET utf8mb4 COLLATE utf8mb4_general_ci NOT NULL,
  `name` varchar(255) CHARACTER SET utf8mb4 COLLATE utf8mb4_general_ci NOT NULL COMMENT '球场名',
  `type` int(8) NOT NULL COMMENT '球场类型',
  `status` int(8) NOT NULL COMMENT '球场状态',
  `tips` varchar(255) CHARACTER SET utf8mb4 COLLATE utf8mb4_general_ci NOT NULL COMMENT '球场备注',
  `created_date` datetime(0) NULL DEFAULT NULL COMMENT '创建时间',
  `updated_date` timestamp(0) NOT NULL DEFAULT CURRENT_TIMESTAMP ON UPDATE CURRENT_TIMESTAMP(0) COMMENT '修改时间',
  PRIMARY KEY (`id`) USING BTREE
) ENGINE = InnoDB CHARACTER SET = utf8mb4 COLLATE = utf8mb4_general_ci ROW_FORMAT = Dynamic;

-- ----------------------------
-- Records of court
-- ----------------------------
INSERT INTO `court` VALUES ('168edad02f334bf2abdb5eb71c083cfe', 'ymq', 1, 1, '66666', '2021-02-12 14:08:56', '2021-02-14 21:04:59');
INSERT INTO `court` VALUES ('1b44b175758a486bb5e8baa4edbfbd87', '新灯光球场2', 2, 0, '', '2021-02-14 21:01:13', '2021-02-14 21:01:12');
INSERT INTO `court` VALUES ('53282fad57454a7e82c274c580c185f5', '教学楼桌球台', 4, 0, '666666666666666666666666666666666666666666', '2021-02-14 20:59:56', '2021-02-14 21:12:23');
INSERT INTO `court` VALUES ('5a08b90904d647ecbfc64209e35f8751', '新灯光球场2', 2, 0, '', '2021-02-14 21:01:04', '2021-02-14 21:01:03');
INSERT INTO `court` VALUES ('8714cf5f087e4333b4819a2500319282', '乒乓球1', 3, 0, '在球馆里面hhh', '2021-02-12 19:58:02', '2021-02-12 19:58:22');
INSERT INTO `court` VALUES ('972babb8fac442f4bd3dbc2cc6f0930f', 'lqc', 2, 0, '123456', '2021-02-12 14:12:20', '2021-02-12 19:00:42');
INSERT INTO `court` VALUES ('affad5fc15e84afcb30660c4f0f3d060', '桌球1', 4, 0, '最里面那张', '2021-02-12 19:58:55', '2021-02-12 19:58:54');
INSERT INTO `court` VALUES ('cb0dcb65323e44639c54c48c4ac04e8c', '网球1', 5, 0, '66666', '2021-02-14 20:51:53', '2021-02-14 20:51:52');
INSERT INTO `court` VALUES ('daa324bd686a4610a079bbf04edba375', '灯光篮球场', 2, 0, '山顶', '2021-02-14 20:56:47', '2021-02-14 20:56:47');
INSERT INTO `court` VALUES ('daf818cdd0dc4fa191a98378822b54e9', '羽毛球2', 1, 0, '哈哈哈哈2', '2021-02-12 19:24:55', '2021-02-13 20:59:47');
INSERT INTO `court` VALUES ('eec09a83d5ee4886befdd2731e3b94c1', '新灯光球场1', 2, 0, '', '2021-02-14 21:00:53', '2021-02-14 21:00:53');

-- ----------------------------
-- Table structure for order
-- ----------------------------
DROP TABLE IF EXISTS `order`;
CREATE TABLE `order`  (
  `id` varchar(255) CHARACTER SET utf8mb4 COLLATE utf8mb4_general_ci NOT NULL,
  `court_name` varchar(255) CHARACTER SET utf8mb4 COLLATE utf8mb4_general_ci NOT NULL,
  `user_name` varchar(255) CHARACTER SET utf8mb4 COLLATE utf8mb4_general_ci NOT NULL,
  `phone` varchar(255) CHARACTER SET utf8mb4 COLLATE utf8mb4_general_ci NULL DEFAULT NULL,
  `type` int(8) NOT NULL,
  `user_id` varchar(255) CHARACTER SET utf8mb4 COLLATE utf8mb4_general_ci NOT NULL COMMENT '用户id',
  `court_id` varchar(255) CHARACTER SET utf8mb4 COLLATE utf8mb4_general_ci NOT NULL COMMENT '球场id',
  `date` varchar(255) CHARACTER SET utf8mb4 COLLATE utf8mb4_general_ci NOT NULL COMMENT '预定日期',
  `datetype` int(8) NOT NULL COMMENT '预定时段',
  `status` int(8) NOT NULL COMMENT '订单状态',
  `created_date` datetime(0) NULL DEFAULT NULL COMMENT '创建时间',
  `updated_date` timestamp(0) NOT NULL DEFAULT CURRENT_TIMESTAMP ON UPDATE CURRENT_TIMESTAMP(0) COMMENT '修改时间',
  PRIMARY KEY (`id`) USING BTREE,
  INDEX `用户id`(`user_id`) USING BTREE,
  INDEX `球场id`(`court_id`) USING BTREE
) ENGINE = InnoDB CHARACTER SET = utf8mb4 COLLATE = utf8mb4_general_ci ROW_FORMAT = Dynamic;

-- ----------------------------
-- Records of order
-- ----------------------------
INSERT INTO `order` VALUES ('1196e150ce4d485e85ace72f2b03e38b', '乒乓球1', '谢宇燊2', '13143101301', 3, 'c9c4ad71e804455eb2a06c24130e72f9', '8714cf5f087e4333b4819a2500319282', '1613232000000', 1, 2, '2021-02-14 21:57:17', '2021-02-14 22:11:30');
INSERT INTO `order` VALUES ('160fb52413b94232bc3d655c4139301b', '乒乓球1', '谢宇燊2', '13143101301', 3, 'c9c4ad71e804455eb2a06c24130e72f9', '8714cf5f087e4333b4819a2500319282', '1613232000000', 8, 2, '2021-02-14 21:59:13', '2021-02-14 22:11:33');
INSERT INTO `order` VALUES ('2122051776a74200b4e92747ea8db5f5', '新灯光球场2', '谢宇燊2', '13143101301', 2, 'c9c4ad71e804455eb2a06c24130e72f9', '1b44b175758a486bb5e8baa4edbfbd87', '1613232000000', 0, 0, '2021-02-14 22:53:43', '2021-02-14 22:53:42');
INSERT INTO `order` VALUES ('2d0b1561201f40f3bd8215e0ed6a60df', '乒乓球1', '谢宇燊2', '13143101301', 3, 'c9c4ad71e804455eb2a06c24130e72f9', '8714cf5f087e4333b4819a2500319282', '1613404800000', 2, 0, '2021-02-14 20:06:25', '2021-02-14 20:06:24');
INSERT INTO `order` VALUES ('3422252ccdaf4283a94b5ad4a246787c', '网球1', '谢宇燊2', '13143101301', 5, 'c9c4ad71e804455eb2a06c24130e72f9', 'cb0dcb65323e44639c54c48c4ac04e8c', '1613318400000', 0, 1, '2021-02-14 23:09:44', '2021-02-14 23:12:52');
INSERT INTO `order` VALUES ('4421bd0ddebc4e9eaebd127430d12d40', '乒乓球1', '谢宇燊2', '13143101301', 3, 'c9c4ad71e804455eb2a06c24130e72f9', '8714cf5f087e4333b4819a2500319282', '1613145600000', 4, 2, '2021-02-13 13:00:57', '2021-02-13 13:05:48');
INSERT INTO `order` VALUES ('45193f2ccf9d4370b107158876c7eb3e', '乒乓球1', '手机用户1', '123456789', 3, '93175734656048dc8015a022b3054d5b', '8714cf5f087e4333b4819a2500319282', '1613232000000', 4, 1, '2021-02-14 22:08:03', '2021-02-14 22:11:39');
INSERT INTO `order` VALUES ('451a76a03fb6439aaee93141516c5c6f', '新灯光球场2', '谢宇燊2', '13143101301', 2, 'c9c4ad71e804455eb2a06c24130e72f9', '1b44b175758a486bb5e8baa4edbfbd87', '1613232000000', 4, 0, '2021-02-14 22:56:11', '2021-02-14 22:56:11');
INSERT INTO `order` VALUES ('57a8768f81f4400684b65eba169ed0f1', '乒乓球1', '手机用户1', '123456789', 3, '93175734656048dc8015a022b3054d5b', '8714cf5f087e4333b4819a2500319282', '1613232000000', 6, 1, '2021-02-14 22:10:03', '2021-02-14 22:11:37');
INSERT INTO `order` VALUES ('747c15753fa44b84802f1c838cbdf92d', 'ymq', '测试4', '13143101311', 1, '8260ee4f83c7461a88c658dd2891d970', '168edad02f334bf2abdb5eb71c083cfe', '1613145600000', 5, 2, '2021-02-12 23:25:41', '2021-02-13 12:11:02');
INSERT INTO `order` VALUES ('829c43563cdc49338e5076053c499511', '新灯光球场2', '谢宇燊2', '13143101301', 2, 'c9c4ad71e804455eb2a06c24130e72f9', '1b44b175758a486bb5e8baa4edbfbd87', '1613232000000', 1, 0, '2021-02-14 22:56:09', '2021-02-14 22:56:09');
INSERT INTO `order` VALUES ('9220138197ea4051b8dd477bf7a297b5', 'ymq', '测试4', '13143101311', 1, '8260ee4f83c7461a88c658dd2891d970', '168edad02f334bf2abdb5eb71c083cfe', '1613145600000', 4, 1, '2021-02-12 23:55:09', '2021-02-13 12:10:53');
INSERT INTO `order` VALUES ('9410c898d0d64c8d86a8aec43a937e22', '乒乓球1', '谢宇燊2', '13143101301', 3, 'c9c4ad71e804455eb2a06c24130e72f9', '8714cf5f087e4333b4819a2500319282', '1613145600000', 4, 1, '2021-02-13 19:56:44', '2021-02-13 20:10:58');
INSERT INTO `order` VALUES ('9c0bbe8b0245471185a3dcbe2f26b5b6', '乒乓球1', '谢宇燊2', '13143101301', 3, 'c9c4ad71e804455eb2a06c24130e72f9', '8714cf5f087e4333b4819a2500319282', '1613232000000', 5, 2, '2021-02-14 21:59:10', '2021-02-14 22:11:32');
INSERT INTO `order` VALUES ('9dc97386b76f45669449f5f9cf1d0370', '乒乓球1', '谢宇燊2', '13143101301', 3, 'c9c4ad71e804455eb2a06c24130e72f9', '8714cf5f087e4333b4819a2500319282', '1613232000000', 3, 2, '2021-02-14 21:58:32', '2021-02-14 22:11:32');
INSERT INTO `order` VALUES ('a7884711ab6342c796ae7c4960f68f39', 'ymq', '测试4', '13143101311', 1, '8260ee4f83c7461a88c658dd2891d970', '168edad02f334bf2abdb5eb71c083cfe', '1613145600000', 1, 1, '2021-02-12 23:33:04', '2021-02-13 12:11:00');
INSERT INTO `order` VALUES ('bb8fe418fff0466188b49f221a5cf564', '乒乓球1', '谢宇燊2', '13143101301', 3, 'c9c4ad71e804455eb2a06c24130e72f9', '8714cf5f087e4333b4819a2500319282', '1613318400000', 8, 0, '2021-02-14 20:01:06', '2021-02-14 20:01:06');
INSERT INTO `order` VALUES ('c24500d95c7b47bcbac6843cdb2172d7', '乒乓球1', '谢宇燊2', '13143101301', 3, 'c9c4ad71e804455eb2a06c24130e72f9', '8714cf5f087e4333b4819a2500319282', '1613232000000', 2, 2, '2021-02-14 20:05:59', '2021-02-14 22:11:28');
INSERT INTO `order` VALUES ('c6545408f972494bbbc2c12001c40720', '新灯光球场2', '谢宇燊2', '13143101301', 2, 'c9c4ad71e804455eb2a06c24130e72f9', '1b44b175758a486bb5e8baa4edbfbd87', '1613404800000', 5, 0, '2021-02-14 23:08:50', '2021-02-14 23:08:50');
INSERT INTO `order` VALUES ('db421759abc5430cb9e270afc18c1247', '乒乓球1', '谢宇燊2', '13143101301', 3, 'c9c4ad71e804455eb2a06c24130e72f9', '8714cf5f087e4333b4819a2500319282', '1613145600000', 8, 1, '2021-02-13 20:51:12', '2021-02-13 20:51:27');
INSERT INTO `order` VALUES ('dc9a13912e7243568e85a35d05e4fae9', '新灯光球场2', '谢宇燊2', '13143101301', 2, 'c9c4ad71e804455eb2a06c24130e72f9', '1b44b175758a486bb5e8baa4edbfbd87', '1613232000000', 5, 0, '2021-02-14 23:08:44', '2021-02-14 23:08:43');
INSERT INTO `order` VALUES ('e19fde4c79d240dea514024b727fac1a', '乒乓球1', '谢宇燊2', '13143101301', 3, 'c9c4ad71e804455eb2a06c24130e72f9', '8714cf5f087e4333b4819a2500319282', '1613145600000', 3, 2, '2021-02-13 20:11:38', '2021-02-13 20:16:34');
INSERT INTO `order` VALUES ('ec298fa3866d423385ac5839d068a109', 'ymq', '测试4', '13143101311', 1, '8260ee4f83c7461a88c658dd2891d970', '168edad02f334bf2abdb5eb71c083cfe', '1613145600000', 3, 1, '2021-02-12 23:33:34', '2021-02-13 12:11:04');
INSERT INTO `order` VALUES ('ecce28d1df784204b3910409bd7540e5', 'ymq', '测试4', '13143101311', 1, '8260ee4f83c7461a88c658dd2891d970', '168edad02f334bf2abdb5eb71c083cfe', '1613145600000', 0, 2, '2021-02-12 23:33:08', '2021-02-13 12:10:57');
INSERT INTO `order` VALUES ('eecf545c9430492e97a184abb9b88e51', '乒乓球1', '谢宇燊2', '13143101301', 3, 'c9c4ad71e804455eb2a06c24130e72f9', '8714cf5f087e4333b4819a2500319282', '1613318400000', 2, 0, '2021-02-14 20:06:15', '2021-02-14 20:06:14');
INSERT INTO `order` VALUES ('f1850e3bf3e348538bdb6a93df47469e', '乒乓球1', '手机用户1', '123456789', 3, '93175734656048dc8015a022b3054d5b', '8714cf5f087e4333b4819a2500319282', '1613232000000', 7, 1, '2021-02-14 22:10:05', '2021-02-14 22:11:37');

-- ----------------------------
-- Table structure for user
-- ----------------------------
DROP TABLE IF EXISTS `user`;
CREATE TABLE `user`  (
  `id` varchar(255) CHARACTER SET utf8mb4 COLLATE utf8mb4_general_ci NOT NULL,
  `name` varchar(255) CHARACTER SET utf8mb4 COLLATE utf8mb4_general_ci NOT NULL COMMENT '账号名',
  `phone` varchar(255) CHARACTER SET utf8mb4 COLLATE utf8mb4_general_ci NOT NULL COMMENT '登录手机号',
  `password` varchar(255) CHARACTER SET utf8mb4 COLLATE utf8mb4_general_ci NOT NULL COMMENT '密码',
  `role` int(8) NOT NULL COMMENT '角色',
  `status` int(8) NOT NULL COMMENT '状态',
  `created_date` datetime(0) NULL DEFAULT NULL COMMENT '创建时间',
  `updated_date` timestamp(0) NOT NULL DEFAULT CURRENT_TIMESTAMP ON UPDATE CURRENT_TIMESTAMP(0) COMMENT '修改时间',
  PRIMARY KEY (`id`) USING BTREE
) ENGINE = InnoDB CHARACTER SET = utf8mb4 COLLATE = utf8mb4_general_ci ROW_FORMAT = Dynamic;

-- ----------------------------
-- Records of user
-- ----------------------------
INSERT INTO `user` VALUES ('00964eeeef8e46bd93d57cf7708fdee9', '测试9', '13143101304', '7807d0b3fd8aa7af47da687cef35938edc7bede7ce1671e3c7f0a23e7359f1db', 0, 0, '2021-02-12 20:39:27', '2021-02-12 21:11:56');
INSERT INTO `user` VALUES ('2e0d7cb0be1c4021bfad21ede3c4bdee', '测试3', '13143101303', '7807d0b3fd8aa7af47da687cef35938edc7bede7ce1671e3c7f0a23e7359f1db', 0, 0, '2021-02-11 00:20:30', '2021-02-12 20:51:46');
INSERT INTO `user` VALUES ('30b413f7bf594315966810ff470ef493', '管理员2', '13143101315', '7807d0b3fd8aa7af47da687cef35938edc7bede7ce1671e3c7f0a23e7359f1db', 0, 0, '2021-02-12 20:40:30', '2021-02-14 23:41:34');
INSERT INTO `user` VALUES ('610020dda6c145b59300b8da3f157e4c', '测试10', '13143101305', '7807d0b3fd8aa7af47da687cef35938edc7bede7ce1671e3c7f0a23e7359f1db', 0, 0, '2021-02-12 20:39:36', '2021-02-12 20:51:48');
INSERT INTO `user` VALUES ('634b1eea9b0a4cc694308a42e21661ce', '管理员3', '13143101313', '7807d0b3fd8aa7af47da687cef35938edc7bede7ce1671e3c7f0a23e7359f1db', 0, 0, '2021-02-12 20:40:38', '2021-02-14 23:41:35');
INSERT INTO `user` VALUES ('8260ee4f83c7461a88c658dd2891d970', '测试4', '13143101311', '7807d0b3fd8aa7af47da687cef35938edc7bede7ce1671e3c7f0a23e7359f1db', 0, 0, '2021-02-12 20:39:50', '2021-02-12 20:51:49');
INSERT INTO `user` VALUES ('93175734656048dc8015a022b3054d5b', '手机用户1', '123456789', '7807d0b3fd8aa7af47da687cef35938edc7bede7ce1671e3c7f0a23e7359f1db', 0, 0, '2021-02-14 00:21:02', '2021-02-14 22:39:50');
INSERT INTO `user` VALUES ('a4be8e892665474b92a473866eb34874', '测试1', '13143101302', '7807d0b3fd8aa7af47da687cef35938edc7bede7ce1671e3c7f0a23e7359f1db', 0, 0, '2021-02-11 00:20:21', '2021-02-12 21:12:04');
INSERT INTO `user` VALUES ('a4f85aff2f694704b72f6cfb86ae5464', 'lz', '13143101314', '7807d0b3fd8aa7af47da687cef35938edc7bede7ce1671e3c7f0a23e7359f1db', 1, 0, '2021-02-12 13:12:05', '2021-02-12 20:51:54');
INSERT INTO `user` VALUES ('a761f0931cea47239817aaa8df9a422a', '测试1', '13143101308', '7807d0b3fd8aa7af47da687cef35938edc7bede7ce1671e3c7f0a23e7359f1db', 0, 0, '2021-02-12 20:39:09', '2021-02-12 21:12:04');
INSERT INTO `user` VALUES ('c380d162a1c64a73b3bad6436180bdea', '测试8', '13143101307', '7807d0b3fd8aa7af47da687cef35938edc7bede7ce1671e3c7f0a23e7359f1db', 0, 0, '2021-02-12 20:39:19', '2021-02-12 20:51:53');
INSERT INTO `user` VALUES ('c9c4ad71e804455eb2a06c24130e72f9', '谢宇燊2', '13143101301', 'd0bfe475713627a28c83bf53d4fd18ab508f47d2164d1fb47fda6063a1553c77', 2, 0, '2021-02-10 23:45:33', '2021-02-14 22:47:24');
INSERT INTO `user` VALUES ('f7e1dab2cfea44f6ab74493cc0632422', '管理员1', '13143101312', '7807d0b3fd8aa7af47da687cef35938edc7bede7ce1671e3c7f0a23e7359f1db', 0, 0, '2021-02-12 20:40:22', '2021-02-12 20:51:58');

SET FOREIGN_KEY_CHECKS = 1;
